{"global_step": 32768, "_timestamp": 1715010020.0542586, "_runtime": 915.953364610672, "_step": 217, "charts/episodic_return": 1.0, "charts/episodic_length": 87.0, "curriculum/proportion_seen": 1.0, "curriculum/score": 0.0, "charts/learning_rate": 0.0005000000237487257, "charts/episode_returns": 3.9000000953674316, "losses/value_loss": 1.47102952003479, "losses/policy_loss": -0.0014371690340340137, "losses/entropy": 2.7068450450897217, "losses/old_approx_kl": 0.0005072647472843528, "losses/approx_kl": 0.0012284577824175358, "losses/clipfrac": 0.0, "losses/explained_variance": -0.006964206695556641, "charts/SPS": 24.0, "test_eval/mean_episode_return": 1.100000023841858, "test_eval/normalized_mean_eval_return": -0.02276422642171383, "test_eval/stddev_eval_return": 1.7578396797180176, "train_eval/mean_episode_return": 1.7999999523162842, "train_eval/normalized_mean_train_return": -0.01138211414217949, "train_eval/stddev_train_return": 2.4819345474243164, "curriculum/completed_episodes": 152.0, "_wandb": {"runtime": 1225}}