{
  "LasertagArena1": {
    "DR_FSP_2000_seed_0": {
      "DR_FSP_2000_seed_0": 0.3333333333333333,
      "DR_FSP_0_seed_0": 0.0,
      "DR_FSP_8000_seed_0": 0.0,
      "DR_FSP_4000_seed_0": 0.0,
      "DR_FSP_6000_seed_0": 0.3333333333333333
    },
    "DR_FSP_0_seed_0": {
      "DR_FSP_2000_seed_0": 0.0,
      "DR_FSP_0_seed_0": 0.0,
      "DR_FSP_8000_seed_0": 0.0,
      "DR_FSP_4000_seed_0": 0.0,
      "DR_FSP_6000_seed_0": 0.0
    },
    "DR_FSP_8000_seed_0": {
      "DR_FSP_2000_seed_0": 0.3333333333333333,
      "DR_FSP_0_seed_0": 0.0,
      "DR_FSP_8000_seed_0": -0.3333333333333333,
      "DR_FSP_4000_seed_0": 0.0,
      "DR_FSP_6000_seed_0": 0.0
    },
    "DR_FSP_4000_seed_0": {
      "DR_FSP_2000_seed_0": 0.6666666666666666,
      "DR_FSP_0_seed_0": 0.0,
      "DR_FSP_8000_seed_0": 0.0,
      "DR_FSP_4000_seed_0": 0.0,
      "DR_FSP_6000_seed_0": 0.3333333333333333
    },
    "DR_FSP_6000_seed_0": {
      "DR_FSP_2000_seed_0": 0.0,
      "DR_FSP_0_seed_0": 0.3333333333333333,
      "DR_FSP_8000_seed_0": 0.0,
      "DR_FSP_4000_seed_0": -0.3333333333333333,
      "DR_FSP_6000_seed_0": 0.0
    }
  },
  "LasertagArena2": {
    "DR_FSP_2000_seed_0": {
      "DR_FSP_2000_seed_0": 0.0,
      "DR_FSP_0_seed_0": 0.0,
      "DR_FSP_8000_seed_0": 0.3333333333333333,
      "DR_FSP_4000_seed_0": 0.0,
      "DR_FSP_6000_seed_0": 0.0
    },
    "DR_FSP_0_seed_0": {
      "DR_FSP_2000_seed_0": 0.0,
      "DR_FSP_0_seed_0": -0.3333333333333333,
      "DR_FSP_8000_seed_0": 0.0,
      "DR_FSP_4000_seed_0": 0.0,
      "DR_FSP_6000_seed_0": 0.0
    },
    "DR_FSP_8000_seed_0": {
      "DR_FSP_2000_seed_0": -0.3333333333333333,
      "DR_FSP_0_seed_0": 0.0,
      "DR_FSP_8000_seed_0": 0.0,
      "DR_FSP_4000_seed_0": -0.3333333333333333,
      "DR_FSP_6000_seed_0": 0.3333333333333333
    },
    "DR_FSP_4000_seed_0": {
      "DR_FSP_2000_seed_0": 0.3333333333333333,
      "DR_FSP_0_seed_0": 0.0,
      "DR_FSP_8000_seed_0": 0.0,
      "DR_FSP_4000_seed_0": -0.3333333333333333,
      "DR_FSP_6000_seed_0": 0.0
    },
    "DR_FSP_6000_seed_0": {
      "DR_FSP_2000_seed_0": -0.6666666666666666,
      "DR_FSP_0_seed_0": 0.0,
      "DR_FSP_8000_seed_0": 0.0,
      "DR_FSP_4000_seed_0": 0.0,
      "DR_FSP_6000_seed_0": 0.0
    }
  },
  "LasertagCorridor1": {
    "DR_FSP_2000_seed_0": {
      "DR_FSP_2000_seed_0": 0.0,
      "DR_FSP_0_seed_0": 1.0,
      "DR_FSP_8000_seed_0": 0.0,
      "DR_FSP_4000_seed_0": 0.0,
      "DR_FSP_6000_seed_0": -0.3333333333333333
    },
    "DR_FSP_0_seed_0": {
      "DR_FSP_2000_seed_0": 0.0,
      "DR_FSP_0_seed_0": 0.0,
      "DR_FSP_8000_seed_0": 0.0,
      "DR_FSP_4000_seed_0": 0.0,
      "DR_FSP_6000_seed_0": 0.0
    },
    "DR_FSP_8000_seed_0": {
      "DR_FSP_2000_seed_0": 0.3333333333333333,
      "DR_FSP_0_seed_0": 0.3333333333333333,
      "DR_FSP_8000_seed_0": 0.3333333333333333,
      "DR_FSP_4000_seed_0": -0.6666666666666666,
      "DR_FSP_6000_seed_0": -0.3333333333333333
    },
    "DR_FSP_4000_seed_0": {
      "DR_FSP_2000_seed_0": 0.3333333333333333,
      "DR_FSP_0_seed_0": 0.3333333333333333,
      "DR_FSP_8000_seed_0": 0.3333333333333333,
      "DR_FSP_4000_seed_0": 0.0,
      "DR_FSP_6000_seed_0": 0.0
    },
    "DR_FSP_6000_seed_0": {
      "DR_FSP_2000_seed_0": -0.6666666666666666,
      "DR_FSP_0_seed_0": 0.0,
      "DR_FSP_8000_seed_0": 0.0,
      "DR_FSP_4000_seed_0": 0.3333333333333333,
      "DR_FSP_6000_seed_0": 0.0
    }
  },
  "LasertagCorridor2": {
    "DR_FSP_2000_seed_0": {
      "DR_FSP_2000_seed_0": 0.3333333333333333,
      "DR_FSP_0_seed_0": 0.6666666666666666,
      "DR_FSP_8000_seed_0": 0.6666666666666666,
      "DR_FSP_4000_seed_0": 0.0,
      "DR_FSP_6000_seed_0": 0.0
    },
    "DR_FSP_0_seed_0": {
      "DR_FSP_2000_seed_0": -0.3333333333333333,
      "DR_FSP_0_seed_0": -0.3333333333333333,
      "DR_FSP_8000_seed_0": 0.3333333333333333,
      "DR_FSP_4000_seed_0": -0.3333333333333333,
      "DR_FSP_6000_seed_0": 0.6666666666666666
    },
    "DR_FSP_8000_seed_0": {
      "DR_FSP_2000_seed_0": 0.3333333333333333,
      "DR_FSP_0_seed_0": -0.3333333333333333,
      "DR_FSP_8000_seed_0": 0.3333333333333333,
      "DR_FSP_4000_seed_0": 0.3333333333333333,
      "DR_FSP_6000_seed_0": 0.3333333333333333
    },
    "DR_FSP_4000_seed_0": {
      "DR_FSP_2000_seed_0": 0.0,
      "DR_FSP_0_seed_0": 0.3333333333333333,
      "DR_FSP_8000_seed_0": 0.6666666666666666,
      "DR_FSP_4000_seed_0": -0.3333333333333333,
      "DR_FSP_6000_seed_0": 0.0
    },
    "DR_FSP_6000_seed_0": {
      "DR_FSP_2000_seed_0": 0.0,
      "DR_FSP_0_seed_0": 0.3333333333333333,
      "DR_FSP_8000_seed_0": -0.3333333333333333,
      "DR_FSP_4000_seed_0": -0.6666666666666666,
      "DR_FSP_6000_seed_0": 0.3333333333333333
    }
  },
  "LasertagMaze1": {
    "DR_FSP_2000_seed_0": {
      "DR_FSP_2000_seed_0": 0.0,
      "DR_FSP_0_seed_0": 0.0,
      "DR_FSP_8000_seed_0": 0.0,
      "DR_FSP_4000_seed_0": 0.0,
      "DR_FSP_6000_seed_0": 0.0
    },
    "DR_FSP_0_seed_0": {
      "DR_FSP_2000_seed_0": 0.0,
      "DR_FSP_0_seed_0": 0.0,
      "DR_FSP_8000_seed_0": 0.0,
      "DR_FSP_4000_seed_0": 0.0,
      "DR_FSP_6000_seed_0": 0.0
    },
    "DR_FSP_8000_seed_0": {
      "DR_FSP_2000_seed_0": 0.0,
      "DR_FSP_0_seed_0": 0.0,
      "DR_FSP_8000_seed_0": 0.0,
      "DR_FSP_4000_seed_0": 0.0,
      "DR_FSP_6000_seed_0": 0.0
    },
    "DR_FSP_4000_seed_0": {
      "DR_FSP_2000_seed_0": 0.0,
      "DR_FSP_0_seed_0": 0.0,
      "DR_FSP_8000_seed_0": 0.0,
      "DR_FSP_4000_seed_0": 0.0,
      "DR_FSP_6000_seed_0": 0.0
    },
    "DR_FSP_6000_seed_0": {
      "DR_FSP_2000_seed_0": 0.0,
      "DR_FSP_0_seed_0": 0.0,
      "DR_FSP_8000_seed_0": 0.0,
      "DR_FSP_4000_seed_0": 0.0,
      "DR_FSP_6000_seed_0": 0.0
    }
  },
  "LasertagMaze2": {
    "DR_FSP_2000_seed_0": {
      "DR_FSP_2000_seed_0": 0.0,
      "DR_FSP_0_seed_0": 0.0,
      "DR_FSP_8000_seed_0": 0.0,
      "DR_FSP_4000_seed_0": 0.0,
      "DR_FSP_6000_seed_0": 0.0
    },
    "DR_FSP_0_seed_0": {
      "DR_FSP_2000_seed_0": 0.0,
      "DR_FSP_0_seed_0": 0.0,
      "DR_FSP_8000_seed_0": 0.0,
      "DR_FSP_4000_seed_0": 0.0,
      "DR_FSP_6000_seed_0": 0.0
    },
    "DR_FSP_8000_seed_0": {
      "DR_FSP_2000_seed_0": 0.0,
      "DR_FSP_0_seed_0": 0.0,
      "DR_FSP_8000_seed_0": 0.0,
      "DR_FSP_4000_seed_0": 0.0,
      "DR_FSP_6000_seed_0": 0.0
    },
    "DR_FSP_4000_seed_0": {
      "DR_FSP_2000_seed_0": 0.0,
      "DR_FSP_0_seed_0": 0.0,
      "DR_FSP_8000_seed_0": 0.0,
      "DR_FSP_4000_seed_0": 0.0,
      "DR_FSP_6000_seed_0": 0.0
    },
    "DR_FSP_6000_seed_0": {
      "DR_FSP_2000_seed_0": 0.0,
      "DR_FSP_0_seed_0": 0.0,
      "DR_FSP_8000_seed_0": 0.0,
      "DR_FSP_4000_seed_0": 0.0,
      "DR_FSP_6000_seed_0": 0.0
    }
  },
  "LasertagRuins": {
    "DR_FSP_2000_seed_0": {
      "DR_FSP_2000_seed_0": 0.0,
      "DR_FSP_0_seed_0": 0.0,
      "DR_FSP_8000_seed_0": -0.3333333333333333,
      "DR_FSP_4000_seed_0": 0.0,
      "DR_FSP_6000_seed_0": 0.0
    },
    "DR_FSP_0_seed_0": {
      "DR_FSP_2000_seed_0": 0.6666666666666666,
      "DR_FSP_0_seed_0": -0.6666666666666666,
      "DR_FSP_8000_seed_0": 0.0,
      "DR_FSP_4000_seed_0": 0.3333333333333333,
      "DR_FSP_6000_seed_0": -0.3333333333333333
    },
    "DR_FSP_8000_seed_0": {
      "DR_FSP_2000_seed_0": 0.3333333333333333,
      "DR_FSP_0_seed_0": -0.3333333333333333,
      "DR_FSP_8000_seed_0": -0.3333333333333333,
      "DR_FSP_4000_seed_0": 0.0,
      "DR_FSP_6000_seed_0": 0.3333333333333333
    },
    "DR_FSP_4000_seed_0": {
      "DR_FSP_2000_seed_0": 0.0,
      "DR_FSP_0_seed_0": 0.0,
      "DR_FSP_8000_seed_0": 0.3333333333333333,
      "DR_FSP_4000_seed_0": -0.3333333333333333,
      "DR_FSP_6000_seed_0": 0.3333333333333333
    },
    "DR_FSP_6000_seed_0": {
      "DR_FSP_2000_seed_0": 0.3333333333333333,
      "DR_FSP_0_seed_0": 0.3333333333333333,
      "DR_FSP_8000_seed_0": 0.0,
      "DR_FSP_4000_seed_0": 0.0,
      "DR_FSP_6000_seed_0": 0.0
    }
  },