{"_wandb": {"runtime": 39}, "global_step": 0, "_timestamp": 1715275667.849132, "_runtime": 20.13953399658203, "_step": 0}