{"global_step": 32576, "_timestamp": 1715276963.1842527, "_runtime": 1178.600787639618, "_step": 238, "charts/episodic_return": 4.0, "charts/episodic_length": 124.0, "curriculum/proportion_seen": 1.0, "curriculum/score": 0.0, "charts/learning_rate": 0.0005000000237487257, "charts/episode_returns": 2.5, "losses/value_loss": 0.7093965411186218, "losses/policy_loss": -0.005672855768352747, "losses/entropy": 2.7046027183532715, "losses/old_approx_kl": 0.004638907499611378, "losses/approx_kl": 0.003542194375768304, "losses/clipfrac": 0.0, "losses/explained_variance": -0.009037613868713379, "charts/SPS": 17.0, "test_eval/mean_episode_return": 2.0, "test_eval/normalized_mean_eval_return": -0.008130080997943878, "test_eval/stddev_eval_return": 1.9493588209152222, "train_eval/mean_episode_return": 3.200000047683716, "train_eval/normalized_mean_train_return": 0.01138211414217949, "train_eval/stddev_train_return": 3.0265491008758545, "curriculum/completed_episodes": 162.0, "_wandb": {"runtime": 1276}}