{"global_step": 32704, "_timestamp": 1713840830.7411258, "_runtime": 61.95500087738037, "_step": 194, "charts/episodic_return": 0.0, "charts/episodic_length": 20.0, "curriculum/proportion_seen": 0.2800000011920929, "curriculum/score": 0.0, "charts/learning_rate": 0.0005000000237487257, "charts/episode_returns": 1.5, "losses/value_loss": 0.5320312976837158, "losses/policy_loss": -0.0004545035772025585, "losses/entropy": 2.707151412963867, "losses/old_approx_kl": 0.00045591534581035376, "losses/approx_kl": 0.0008768583065830171, "losses/clipfrac": 0.0, "losses/explained_variance": 0.004385650157928467, "charts/SPS": 383.0, "test_eval/mean_episode_return": 0.5, "test_eval/normalized_mean_eval_return": -0.012820512987673283, "test_eval/stddev_eval_return": 0.9219544529914856, "test_eval/full_mean_episode_return": 0.699999988079071, "test_eval/full_normalized_mean_eval_return": -0.007692308165132999, "test_eval/full_stddev_eval_return": 0.6403123736381531, "train_eval/mean_episode_return": 1.100000023841858, "train_eval/normalized_mean_train_return": 0.0025641031097620726, "train_eval/stddev_train_return": 2.662705183029175, "train_eval/full_mean_episode_return": 0.699999988079071, "train_eval/full_normalized_mean_train_return": -0.007692308165132999, "train_eval/full_stddev_train_return": 0.7810249924659729, "curriculum/completed_episodes": 103.0, "_wandb": {"runtime": 77}}