{"_wandb": {"runtime": 590}, "global_step": 0, "_timestamp": 1715274878.19473, "_runtime": 16.850017070770264, "_step": 0}