{"global_step": 499, "_timestamp": 1712049511.8875587, "charts/agent_reward": -1.0, "losses/old_approx_kl": 0.002740527968853712, "charts/opponent_reward": 1.0, "losses/entropy": 1.6093534231185913, "losses/policy_loss": 8.271902333945036e-05, "losses/value_loss": 4.280122478661497e-09, "losses/approx_kl": 4.392010669107549e-05, "_runtime": 168.72899866104126, "_step": 499, "_wandb": {"runtime": 174}}