{"_wandb": {"runtime": 725}, "global_step": 0, "_timestamp": 1715273717.5368052, "_runtime": 19.325761079788208, "_step": 0}