{"global_step": 81856, "_timestamp": 1713840633.2564902, "_runtime": 185.6468482017517, "_step": 520, "charts/episodic_return": 0.0, "charts/episodic_length": 79.0, "curriculum/proportion_seen": 0.0, "curriculum/score": 0.0, "charts/learning_rate": 0.0005000000237487257, "charts/episode_returns": 1.2000000476837158, "losses/value_loss": 0.10687784850597382, "losses/policy_loss": -0.0007377793081104755, "losses/entropy": 2.6995317935943604, "losses/old_approx_kl": 0.0001328418729826808, "losses/approx_kl": 0.0014047222211956978, "losses/clipfrac": 0.0, "losses/explained_variance": 0.0861138105392456, "charts/SPS": 390.0, "test_eval/mean_episode_return": 1.399999976158142, "test_eval/normalized_mean_eval_return": 0.010256409645080566, "test_eval/stddev_eval_return": 1.399999976158142, "test_eval/slow_mean_episode_return": 0.5, "test_eval/slow_normalized_mean_eval_return": -0.012820512987673283, "test_eval/slow_stddev_eval_return": 0.5, "train_eval/mean_episode_return": 0.4000000059604645, "train_eval/normalized_mean_train_return": -0.015384615398943424, "train_eval/stddev_train_return": 0.4000000059604645, "train_eval/slow_mean_episode_return": 1.100000023841858, "train_eval/slow_normalized_mean_train_return": 0.0025641031097620726, "train_eval/slow_stddev_train_return": 1.100000023841858, "curriculum/completed_episodes": 500.0, "_wandb": {"runtime": 204}}