{"_wandb": {"runtime": 5}, "global_step": 0, "_timestamp": 1713845400.8411036, "_runtime": 4.293798446655273, "_step": 0}