{"global_step": 499, "_timestamp": 1712050472.368018, "charts/agent_reward": 0.0, "losses/entropy": 1.6093071699142456, "charts/opponent_reward": 0.0, "losses/policy_loss": -0.019347799941897392, "losses/value_loss": 0.00020632013911381364, "losses/approx_kl": 6.97057694196701e-05, "charts/steps_per_ep": 96.0, "losses/old_approx_kl": 0.0021443814039230347, "_runtime": 199.88512182235718, "_step": 499, "_wandb": {"runtime": 204}}