{"global_step": 21952, "_timestamp": 1715273444.335125, "_runtime": 1070.8997960090637, "_step": 150, "charts/episodic_return": 8.0, "charts/episodic_length": 136.0, "curriculum/proportion_seen": 1.0, "curriculum/score": 0.0, "charts/learning_rate": 0.0005000000237487257, "charts/episode_returns": 3.799999952316284, "losses/value_loss": 0.9332581758499146, "losses/policy_loss": -0.0016873676795512438, "losses/entropy": 2.7054519653320312, "losses/old_approx_kl": 0.0028998013585805893, "losses/approx_kl": 0.002611938863992691, "losses/clipfrac": 0.0, "losses/explained_variance": -0.007822632789611816, "charts/SPS": 18.0, "test_eval/mean_episode_return": 1.2000000476837158, "test_eval/normalized_mean_eval_return": -0.021138209849596024, "test_eval/stddev_eval_return": 1.399999976158142, "train_eval/mean_episode_return": 2.200000047683716, "train_eval/normalized_mean_train_return": -0.004878047853708267, "train_eval/stddev_train_return": 3.515679359436035, "curriculum/completed_episodes": 161.0, "_wandb": {"runtime": 1070}}